"doi","openalex_id","title","year","type","authors","journal","cited_by","is_oa","queries","abstract_short","tipo_medicion"
"https://doi.org/10.1103/physrevlett.125.221301","https://openalex.org/W3108082055","New Extraction of the Cosmic Birefringence from the Planck 2018 Polarization Data","2020","article","Y. Minami; Eiichiro Komatsu","Physical Review Letters","290","True","q1_birefringence","We search for evidence of parity-violating physics in the Planck 2018 polarization data and report on a new measurement of the cosmic birefringence angle β. The previous measurements are limited by the systematic uncertainty in the absolute polarization angles of the Planck detectors. We mitigate this systematic uncertainty completely by simultaneously determining β and the angle miscalibration using the observed cross-correlation of the E- and B-mode polarization of the cosmic microwave backgro","isotropica_primaria"
"https://doi.org/10.1103/physrevlett.128.091302","https://openalex.org/W4214521858","Cosmic Birefringence from thePlanckData Release 4","2022","article","P. Diego-Palazuelos; J. R. Eskilt; Y. Minami; M. Tristram; R. M. Sullivan; A. J. Banday; R. B. Barreiro; H. K. Eriksen; K. M. Górski; R. Keskitalo; E. Komatsu; E. Martínez-González; D. Scott; P. Vielva; I. K. Wehus","Physical Review Letters","153","True","q1_birefringence","We search for the signature of parity-violating physics in the cosmic microwave background, called cosmic birefringence, using the Planck data release 4. We initially find a birefringence angle of $\ensuremath{\beta}=0.30\ifmmode^\circ\else\textdegree\fi{}\ifmmode\pm\else\textpm\fi{}0.11\ifmmode^\circ\else\textdegree\fi{}$ (68% C.L.) for nearly full-sky data. The values of $\ensuremath{\beta}$ decrease as we enlarge the Galactic mask, which can be interpreted as the effect of polarized foregroun","isotropica_reanalisis_PR4"
"https://doi.org/10.1103/physrevd.106.063503","https://openalex.org/W4295861569","Improved constraints on cosmic birefringence from the WMAP and Planck cosmic microwave background polarization data","2022","article","Johannes R. Eskilt; Eiichiro Komatsu","Physical review. D/Physical review. D.","130","True","q1_birefringence","The observed pattern of linear polarization of the cosmic microwave background photons is a sensitive probe of physics violating parity symmetry under inversion of spatial coordinates. A new parity-violating interaction might have rotated the plane of linear polarization by an angle $\ensuremath{\beta}$ as the cosmic microwave background photons have been traveling for more than 13 billion years. This effect is known as ``cosmic birefringence.'' In this paper, we present new measurements of cosm","isotropica_primaria"
"https://doi.org/10.1103/physrevd.103.043509","https://openalex.org/W3106753625","Detection of isotropic cosmic birefringence and its implications for axionlike particles including dark energy","2021","article","Tomohiro Fujita; Kai Murai; Hiromasa Nakatsuka; Shinji Tsujikawa","Physical review. D/Physical review. D.","88","True","q1_birefringence","We investigate the possibility that axionlike particles (ALPs) with various potentials account for the isotropic birefringence recently reported by analyzing the Planck 2018 polarization data. For the quadratic and cosine potentials, we obtain lower bounds on the mass, coupling constant to photon $g$, abundance and equation of state of the ALP to produce the observed birefringence. Especially when the ALP is responsible for dark energy, it is possible to probe the tiny deviation of dark energy e","isotropica_primaria"
"https://doi.org/10.1051/0004-6361/202243269","https://openalex.org/W4221149438","Frequency-dependent constraints on cosmic birefringence from the LFI and HFI Planck Data Release 4","2022","article","Johannes R. Eskilt","Astronomy and Astrophysics","82","True","q1_birefringence","We present new constraints on the frequency dependence of the cosmic birefringence angle from the Planck Data Release 4 polarization maps. An axion field coupled to electromagnetism predicts a nearly frequency-independent birefringence angle, βν = β, while Faraday rotation from local magnetic fields and Lorentz violating theories predict a cosmic birefringence angle that is proportional to the frequency, ν, to the power of some integer n, βν ∝ νn. In this work, we first sampled βν individually f","isotropica_reanalisis_PR4"
"https://doi.org/10.1103/physrevd.102.083504","https://openalex.org/W3035054863","Searching for anisotropic cosmic birefringence with polarization data from SPTpol","2020","article","F. Bianchini; W. L. K. Wu; Peter A. R. Ade; Adam J. Anderson; Jason E. Austermann; J. S. Avva; L. Balkenhol; Eric J. Baxter; James A. Beall; A. N. Bender; Bradford A. Benson; Lindsey E. Bleem; J. E. Carlstrom; C. L. Chang; Prakrut Chaubal; H. C. Chiang; T.-L. Chou; R. Citron; C. Corbett Moran; T. M. Crawford; A. T. Crites; T. de Haan; M. Dobbs; Wendeline B. Everett; Jason R. Gallicchio; Elizabeth M. George; Adam Gilbert; N. Gupta; N. W. Halverson; J. W. Henning; Gene C Hilton; G. P. Holder; W. L. Holzapfel; J. D. Hrubes; N. Huang; Johannes Hubmayr; K. D. Irwin; L. Knox; A. T. Lee; D. Li; Amy E. Lowitz; A. Manzotti; J. J. McMahon; S. S. Meyer; M. Millea; L. M. Mocanu; J. Montgomery; A. Nadolski; T. Natoli; John P. Nibarger; Gavin I. Noble; V. Novosad; Y. Omori; S. Padin; S. Patil; Clement L. Pryke; Christian L. Reichardt; John E. Ruhl; Benjamin R. B. Saliwanchik; K. K. Schaffer; Charles A. Sievers; G. Simard; G. Smecher; Antony A. Stark; K. T. Story; Carole Tucker; K. Vanderlinde; Todd J. Veach; J. D. Vieira; Gang Wang; N. Whitehorn; Volodymyr G. Yefremenko","Physical review. D/Physical review. D.","71","True","q1_birefringence","The authors report on a search for cosmic birefringence in a region of the southern sky, with the South Pole Telescope. They reconstruct a map of cosmic polarization rotation anisotropies and measure the angular power spectrum of the map, finding it to be consistent with zero. This non detection is used to place constraints on the strength of primordial magnetic fields and of the coupling constant of the electromagnetic Chern-Simons term.","sin_clasificar"
"https://doi.org/10.1103/physrevd.107.l041302","https://openalex.org/W4321446060","Isotropic cosmic birefringence from early dark energy","2023","article","Kai Murai; Fumihiro Naokawa; Toshiya Namikawa; Eiichiro Komatsu","Physical review. D/Physical review. D.","60","True","q1_birefringence","A tantalizing hint of isotropic cosmic birefringence has been found in the $EB$ cross-power spectrum of the cosmic microwave background (CMB) polarization data with a statistical significance of $3\ensuremath{\sigma}$. A pseudoscalar field coupled to the CMB photons via the Chern-Simons term can explain this observation. The same field may also be responsible for early dark energy (EDE), which alleviates the so-called Hubble tension. Since the EDE field evolves significantly during the recombina","teorico"
"https://doi.org/10.1093/ptep/ptaa130","https://openalex.org/W3081180934","Simultaneous determination of the cosmic birefringence and miscalibrated polarization angles II: Including cross-frequency spectra","2020","article","Y. Minami; Eiichiro Komatsu","Progress of Theoretical and Experimental Physics","47","True","q1_birefringence","Abstract We develop a strategy to determine the cosmic birefringence and miscalibrated polarization angles simultaneously using the observed $EB$ polarization power spectra of the cosmic microwave background and the Galactic foreground emission. We extend the methodology of Y. Minami et al. (Prog. Theor. Exp. Phys. 2019, 083E02, 2019), which was developed for auto-frequency power spectra, by including cross-frequency spectra. By fitting one global birefringence angle and independent miscalibrati","isotropica_primaria"
"https://doi.org/10.1088/1475-7516/2022/10/043","https://openalex.org/W4280606298","Power spectrum of domain-wall network, and its implications for isotropic and anisotropic cosmic birefringence","2022","article","Naoya Kitajima; Fumiaki Kozai; Fuminobu Takahashi; Wen Yin","Journal of Cosmology and Astroparticle Physics","44","True","q1_birefringence","Abstract Recently, based on a novel analysis of the Planck satellite data, a hint of a uniform rotation of the polarization of cosmic microwave background photons, called isotropic cosmic birefringence, has been reported. The suggested rotation angle of polarization of about 0.2–0.4 degrees is close to the fine-structure constant, α ≃ 1/137 rad ≃ 0.42 deg. Interestingly, this coincidence can be naturally explained over a very wide parameter range by the domain walls of axion-like particles. Furt","teorico"
"https://doi.org/10.1088/1475-7516/2022/09/062","https://openalex.org/W4297143325","Implications of the cosmic birefringence measurement for the axion dark matter search","2022","article","Ippei Obata","Journal of Cosmology and Astroparticle Physics","39","True","q1_birefringence","Abstract We show that a recent constraint on the cosmic birefringence effect due to dark energy can be related to the constraints on the coupling of axion dark matter to photon, by relying on a simple model of two-axion alignment mechanism with periodic potentials. Owing to the alignment of the potentials, one linear combination of two fields provides a nearly flat direction and acts as dark energy, whereas the other combination provides a steep direction and acts as dark matter. This scenario s","teorico"
"https://doi.org/10.1088/1475-7516/2020/11/066","https://openalex.org/W3080807768","Planck 2018 constraints on anisotropic birefringence and its cross-correlation with CMB anisotropy","2020","article","ALESSANDRO GRUPPUSO; D. Molinari; P. Natoli; L. Pagano","Journal of Cosmology and Astroparticle Physics","38","True","q1_birefringence","Parity-violating extensions of standard electromagnetism produce cosmic birefringence, the in vacuo rotation of the linear polarisation direction of a photon during propagation. We employ Planck 2018 CMB polarised data to constrain anisotropic birefringence, modeled by its angular power spectrum C ℓ α α , and the cross-correlation with CMB temperature maps, C ℓ α T , at scales larger than ∼15 degrees. We present joint limits on the scale invariant quantity, A α α ≡ ℓ (ℓ +1) C ℓ α α / 2 π, and on","anisotropica"
"https://doi.org/10.1088/1475-7516/2022/08/025","https://openalex.org/W4221144684","Cosmic birefringence from monodromic axion dark energy","2022","article","Silvia Gasparotto; Ippei Obata","Journal of Cosmology and Astroparticle Physics","38","True","q1_birefringence|q4_tomography","Abstract The recently reported non-zero isotropic birefringence angle in Planck 2018 polarization data provides a tantalizing hint for new physics of axions. In this paper, we explain this by a string theory motivated axion with a monodromy potential that plays the role of dark energy. Upon using the birefringence measurement and the constraint on the equation of state for dark energy in this scenario, we find an upper bound on the axion decay constant as fa ≲ 1016 GeV. This naturally gives an e","teorico"
"https://doi.org/10.3847/1538-4357/acc85c","https://openalex.org/W4306814920","BICEP/Keck. XVII. Line-of-sight Distortion Analysis: Estimates of Gravitational Lensing, Anisotropic Cosmic Birefringence, Patchy Reionization, and Systematic Errors","2023","article","Peter A. R. Ade; Zeeshan Ahmed; Mandana Amiri; D. Barkats; R. Basu Thakur; C. A. Bischoff; D. Beck; J. J. Bock; H. Boenish; E. Bullock; V. Buza; James R. Cheshire; J. Connors; James Cornelison; M. Crumrine; Ari Jozef Cukierman; E. V. Denison; M. Dierickx; L. Duband; M. Eiben; S. Fatigoni; J. P. Filippini; S. Fliescher; C. Giannakopoulos; Neil Goeckner-Wald; D. C. Goldfinger; James A. Grayson; Paul Grimes; G. Hall; George Halal; M. Halpern; E. Hand; Samuel A. Harrison; S. Henderson; Sergi R. Hildebrandt; Johannes Hubmayr; H. Hui; K. D. Irwin; J. Kang; K. S. Karkare; E. Karpel; S. Kefeli; S. A. Kernasovskiy; John M. Kovac; C. L. Kuo; K. Lau; E. M. Leitch; A. Lennox; Koko G. Megerian; Lorenzo Minutolo; Lorenzo Moncelsi; Y. Nakato; Toshiya Namikawa; H. T. Nguyen; R. O’Brient; R. W. Ogburn; S. Palladino; Matthew A. Petroff; T. Prouvé; Clement L. Pryke; B. Racine; C. D. Reintsema; S. Richter; A. Schillaci; R. Schwarz; Bernd Schmitt; Christopher D. Sheehy; Baibhav Singari; A. Soliman; T. St. Germaine; B. Steinbach; Rashmikant V. Sudiwala; G. P. Teply; Keith L. Thompson; James E. Tolan; Carole Tucker; A. D. Turner; C. Umiltà; C. Vergès; Abigail G. Vieregg; A. Wandui; A. C. Weber; D. V. Wiebe; J. Willmert; C. L. Wong; W. L. K. Wu; Huan Yang; K. W. Yoon; E. Young; Cyndia Yu; Lingzhen Zeng; C. Zhang; Silvia Zhang","The Astrophysical Journal","36","True","q1_birefringence","Abstract We present estimates of line-of-sight distortion fields derived from the 95 and 150 GHz data taken by BICEP2, BICEP3, and the Keck Array up to the 2018 observing season, leading to cosmological constraints and a study of instrumental and astrophysical systematics. Cosmological constraints are derived from three of the distortion fields concerning gravitational lensing from large-scale structure, polarization rotation from magnetic fields or an axion-like field, and the screening effect ","cota_superior_anisotropica"
"https://doi.org/10.1088/1475-7516/2022/09/075","https://openalex.org/W4283204599","Planck constraints on cross-correlations between anisotropic cosmic birefringence and CMB polarization","2022","article","M. Bortolami; M. Billi; ALESSANDRO GRUPPUSO; P. Natoli; L. Pagano","Journal of Cosmology and Astroparticle Physics","32","True","q1_birefringence|q2_polarization","Abstract Cosmic Birefringence (CB) is the in-vacuo rotation of the linear polarization direction of photons during propagation, caused by parity-violating extensions of Maxwell electromagnetism. We build low resolution CB angle maps using Planck Legacy and NPIPE products and provide for the first time estimates of the cross-correlation spectra CL αE and CL αB between the CB and the CMB polarization fields. We also provide updated CB auto-correlation spectra CL αα as well as the cross-correlation","cross_correlacion"
"https://doi.org/10.1093/mnras/stac3146","https://openalex.org/W3194234556","Cosmic birefringence tomography and calibration independence with reionization signals in the CMB","2023","article","Blake D. Sherwin; Toshiya Namikawa","Monthly Notices of the Royal Astronomical Society","32","True","q1_birefringence|q2_polarization|q3_alps|q4_tomography","ABSTRACT The search for cosmic polarization rotation or birefringence in the cosmic microwave background (CMB) is well motivated because it can provide powerful constraints on parity-violating new physics, such as axion-like particles. In this paper, we point out that since the CMB polarization is produced at two very different redshifts – it is generated at both reionization and recombination – new parity-violating physics can generically rotate the polarization signals from these different sou","tomografia"
"https://doi.org/10.1088/1475-7516/2024/05/066","https://openalex.org/W4396857580","Axionic defects in the CMB: birefringence and gravitational waves","2024","article","Ricardo Z. Ferreira; Silvia Gasparotto; Takashi Hiramatsu; Ippei Obata; Oriol Pujolàs","Journal of Cosmology and Astroparticle Physics","32","True","q1_birefringence","Abstract The evidence for a non-vanishing isotropic cosmic birefringence in recent analyses of the CMB data provides a tantalizing hint for new physics. Domain wall (DW) networks have recently been shown to generate an isotropic birefringence signal in the ballpark of the measured value when coupled to photons. In this work, we explore the axionic defects hypothesis in more detail and extending previous results to annihilating and late-forming networks, and by pointing out other smoking-gun sign","teorico"
"https://doi.org/10.1088/1475-7516/2022/03/050","https://openalex.org/W4221104558","Cosmic birefrigence: cross-spectra and cross-bispectra with CMB anisotropies","2022","article","Alessandro Greco; Nicola Bartolo; ALESSANDRO GRUPPUSO","Journal of Cosmology and Astroparticle Physics","29","True","q1_birefringence|q2_polarization","Abstract Parity-violating extensions of Maxwell electromagnetism induce a rotation of the linear polarization plane of photons during propagation. This effect, known as cosmic birefringence, impacts on the Cosmic Microwave Background (CMB) observations producing a mixing ofEandBpolarization modes which is otherwise null in the standard scenario. Such an effect is naturally parametrized by a rotation angle which can be written as the sum of an isotropic componentα0and an anisotropic oneδα(n̂). In","cross_correlacion"
"https://doi.org/10.1103/physrevd.105.022006","https://openalex.org/W4210435305","BICEP/ Keck XIV: Improved constraints on axionlike polarization oscillations in the cosmic microwave background","2022","article","Peter A. R. Ade; Zeeshan Ahmed; Mandana Amiri; D. Barkats; R. Basu Thakur; C. A. Bischoff; D. Beck; J. J. Bock; H. Boenish; Eric Bullock; V. Buza; James R. Cheshire; Jake Connors; J. Cornelison; M. Crumrine; Ari Jozef Cukierman; E. V. Denison; M. Dierickx; L. Duband; M. Eiben; S. Fatigoni; J. P. Filippini; S. Fliescher; N. Goeckner-Wald; D. C. Goldfinger; J. Grayson; Paul Grimes; G. Hall; George Halal; Mark I. Halpern; E. Hand; Sam A. Harrison; S. Henderson; Sergi R. Hildebrandt; Gene C. Hilton; Johannes Hubmayr; H. Hui; K. D. Irwin; J. Kang; K. S. Karkare; E. Karpel; S. Kefeli; S. A. Kernasovskiy; John M. Kovac; C. L. Kuo; K. Lau; Erik M. Leitch; A. Lennox; Koko G. Megerian; Lorenzo Minutolo; Lorenzo Moncelsi; Y. Nakato; Toshiya Namikawa; H. T. Nguyen; R. O’Brient; R. W. Ogburn; S. Palladino; T. Prouvé; Clement L. Pryke; B. Racine; C. D. Reintsema; S. Richter; A. Schillaci; R. Schwarz; Bernd Schmitt; Christopher D. Sheehy; A. Soliman; T. St. Germaine; B. Steinbach; R. V. Sudiwala; G. P. Teply; K. L. Thompson; James E. Tolan; Carole Tucker; Anthony Turner; C. Umiltà; C. Vergès; Abigail G. Vieregg; A. Wandui; A. C. Weber; Donald V. Wiebe; J. Willmert; C. L. Wong; W. L. K. Wu; Huan Yang; K. W. Yoon; E. Young; Cyndia Yu; Lingzhen Zeng; C. Zhang; S. Zhang","Physical review. D/Physical review. D.","27","True","q1_birefringence|q2_polarization","We present an improved search for axionlike polarization oscillations in the cosmic microwave background (CMB) with observations from the Keck Array. An all-sky, temporally sinusoidal rotation of CMB polarization, equivalent to a time-variable cosmic birefringence, is an observable manifestation of a local axion field and potentially allows a CMB polarimeter to detect axionlike dark matter directly. We describe improvements to the method presented in previous work, and we demonstrate the updated","cota_superior_oscilacion"
"https://doi.org/10.1088/1475-7516/2024/05/034","https://openalex.org/W4396610010","Planck constraints on cosmic birefringence and its cross-correlation with the CMB","2024","article","G. Zagatti; M. Bortolami; ALESSANDRO GRUPPUSO; P. Natoli; L. Pagano; Giulio Fabbian","Journal of Cosmology and Astroparticle Physics","19","True","q1_birefringence|q2_polarization","Abstract Cosmic birefringence is the in-vacuo, frequency independent rotation of the polarization plane of linearly polarized radiation, induced by a parity-violating term in the electromagnetic Lagrangian. We implement a harmonic estimator for the birefringence field that only relies on the CMB E to B mode cross-correlation, thus suppressing the effect of cosmic variance from the temperature field. We derive constraints fromPlanckpublic releases 3 and 4, revealing a cosmic birefringence power s","cross_correlacion"
"https://doi.org/10.1103/physrevd.108.043017","https://openalex.org/W4327670374","Constraints on axionlike polarization oscillations in the cosmic microwave background with POLARBEAR","2023","article","S. Adachi; Tylor Adkins; Kam Arnold; C. Baccigalupi; Darcy R. Barron; K. Cheung; Y. Chinone; Kevin T. Crowley; Josquin Errard; Giulio Fabbian; Chang Qing Feng; Raphael Flauger; T. Fujino; Daniel Green; M. Hasegawa; M. Hazumi; Daisuke Kaneko; Nobuhiko Katayama; BRIAN G. KEATING; A. Kusaka; Adrian T. Lee; Y. Minami; Haruki Nishino; Christian L. Reichardt; P. Siritanasak; Jacob Spisak; O. Tajima; S. Takakura; Sayuri Takatori; G. P. Teply; Kyohei Yamada","Physical review. D/Physical review. D.","19","True","q1_birefringence","Very light pseudoscalar fields, often referred to as axions, are compelling dark matter candidates and can potentially be detected through their coupling to the electromagnetic field. Recently a novel detection technique using the cosmic microwave background (CMB) was proposed, which relies on the fact that the axion field oscillates at a frequency equal to its mass in appropriate units, leading to a time-dependent birefringence. For appropriate oscillation periods this allows the axion field at","sin_clasificar"
"https://doi.org/10.1103/physrevd.108.082005","https://openalex.org/W4311730247","Characterizing cosmic birefringence in the presence of Galactic foregrounds and instrumental systematic effects","2023","article","Baptiste Jost; Josquin Errard; Radek Stompor","Physical review. D/Physical review. D.","17","True","q1_birefringence","The authors propose a new analysis framework to account simultaneously for Galactic foregrounds and instrumental effects, in order to break the degeneracy between Cosmic Birefringence (CB) angle and Cosmic Microwave Background detector effects. They thus pave the way for Simons Observatory-like Small Aperture Telescopes to test claims for CB detection.","sistematicas"
"https://doi.org/10.1088/1475-7516/2024/10/028","https://openalex.org/W4403224558","A new solution for the observed isotropic cosmic birefringence angle and its implications for the anisotropic counterpart through a Boltzmann approach","2024","article","Alessandro Greco; Nicola Bartolo; ALESSANDRO GRUPPUSO","Journal of Cosmology and Astroparticle Physics","16","True","q1_birefringence","Abstract Cosmic Birefringence (CB) is a phenomenon in which the polarization of the Cosmic Microwave Background (CMB) radiation is rotated as it travels through space due to the coupling between photons and an axion-like field. We look for a solution able to explain the result obtained from the Planck Public Release 4 (PR4), which has provided a hint of detection of the CB angle, α = (0.30 ± 0.11)∘. In addition to the solutions, already present in the literature, which need a non-negligible evol","teorico"
"https://doi.org/10.1088/1475-7516/2023/11/017","https://openalex.org/W4388453798","Cosmic birefringence from the Axiverse","2023","article","Silvia Gasparotto; Evangelos I. Sfakianakis","Journal of Cosmology and Astroparticle Physics","15","True","q1_birefringence|q4_tomography","Abstract We revisit the evidence for CMB birefringence in the context of a rich Axiverse. Using probability density functions (PDFs) for various axion parameters, such as the mass and axion decay constant, we construct the PDF for the cosmic birefringence angle and investigate its properties. By relating the observed value of the birefringence angle to the mean or standard deviation of the constructed PDF, we constrain the shape of the input PDFs, providing insights into the statistical distribu","teorico"
"https://doi.org/10.1088/1475-7516/2020/12/051","https://openalex.org/W3033157794","The effects on CMB power spectra and bispectra from the polarization rotation and its correlations with temperature and E-polarization","2020","article","Hua Zhai; Siyu Li; Mingzhe Li; Hong Li; Xinmin Zhang.","Journal of Cosmology and Astroparticle Physics","14","True","q2_polarization","The Chern-Simons term, through which the cosmic Axion-like field couples to the electromagnetic field, has the effect to rotate CMB polarization directions and to break the CPT symmetry. This rotation will change the CMB power spectra, no matter isotropic or anisotropic the rotation angle is. In this paper we revisit this issue by further considering the correlations between the anisotropic rotation angle α and the CMB temperature and CMB E polarization fields. These correlations could be genera","metodologico"
"https://doi.org/10.1088/1475-7516/2025/07/083","https://openalex.org/W4412908767","LiteBIRD science goals and forecasts: constraining isotropic cosmic birefringence","2025","article","E. de la Hoz; P. Diego-Palazuelos; Josquin Errard; ALESSANDRO GRUPPUSO; Baptiste Jost; Raelyn Marguerite Sullivan; M. Bortolami; Y. Chinone; L. T. Hergt; Eiichiro Komatsu; Y. Minami; Ippei Obata; D. Paoletti; Douglas Scott; Patricio Vielva; Debabrata Adak; R. Akizawa; Ashish Prabhu Anand; J. Aumont; C. Baccigalupi; A.J. Banday; R. Belén Barreiro; N. Bartolo; S. Basak; A. Basyrov; M. Bersanelli; Thejs Brinckmann; F. Cacciotti; E. Calabrese; P. Campeti; Emile Carinos; A. Carones; F. Carralot; F. J. Casas; Michele Citran; Lionel Clermont; F. Columbro; Gabriele Coppi; A. Coppolecchia; F. Cuttaia; P. de Bernardis; Mario de Lucia; M. De Petris; S. Della Torre; E. Di Giorgi; H. K. Eriksen; Evandro Maia Ferreira; F Finelli; C. Franceschet; U. Fuskeland; G. Galloni; M. Galloway; M. Gerbino; M. Gervasi; R.T Génova-Santos; T. Ghigna; S. Giardiello; C. Gimeno-Amo; E. Gjerløw; M. Hazumi; Sophie Henrot-Versillé; E. Hivon; H. Ishino; Kazunori Kohri; L. Lamagna; Massimiliano Lattanzi; C. Leloup; M Lembo; François Levrier; M. López-Caniego; G. Luzzi; Enrique Martínez-González; S. Masi; S. Matarrese; S. Micheli; M. Migliaccio; M. Monelli; L. Montier; G Morgante; Ryo Nagata; Toshiya Namikawa; P. Natoli; A. Occhiuzzi; L. Pagano; A Paiella; G. Pascual-Cisneros; Vasiliki Pavlidou; Vincent Pelgrims; F. Piacentini; G. Piccirilli; Gianluca Polenta; L. Porcelli; N. Raffuzzi; Mathieu Remazeilles; A. Ritacco; A. Rizzieri; J.A Rubiño-Martín; Miguel Ruiz-Granda; Y. Sakurai; Jagesh V. Sanghavi","Journal of Cosmology and Astroparticle Physics","11","True","q1_birefringence","Abstract Cosmic birefringence (CB) is the rotation of the photons' linear polarisation plane during propagation. Such an effect is a tracer of parity-violating extensions of standard electromagnetism and would probe the existence of a new cosmological field acting as dark matter or dark energy. It has become customary to employ cosmic microwave background (CMB) polarised data to probe such a phenomenon. Recent analyses on Planck and WMAP data provide a hint of detection of the isotropic CB angle","forecast"
"https://doi.org/10.1088/1475-7516/2025/06/025","https://openalex.org/W4411368406","Planck PR4 (NPIPE) map-space cosmic birefringence","2025","article","Raelyn Marguerite Sullivan; Arefe Abghari; P. Diego-Palazuelos; L. T. Hergt; Douglas Scott","Journal of Cosmology and Astroparticle Physics","9","True","q1_birefringence","Abstract Cosmic birefringence is an effect where the plane of polarisation of the cosmic microwave background (CMB) is rotated by an angle β through coupling to a hypothetical parity-violating field. We analyse the Planck Public Release 4 (PR4 or NPIPE) data using a map-space analysis method and find β= 0.46° ± 0.04°(stat.) ± 0.28°(syst.) for SEVEM CMB maps and β = 0.48° ± 0.04°(stat.) ± 0.28°(syst.) for Commander CMB maps. These values are slightly higher than previously published results, whic","isotropica_reanalisis_PR4"
"https://doi.org/10.1103/physrevd.105.063536","https://openalex.org/W3216426175","Computing microwave background polarization power spectra from cosmic birefringence","2022","article","Hongbo Cai; Yilun Guan","Physical review. D/Physical review. D.","8","True","q1_birefringence","We present a new publicly available code, class_rot, which modifies class to enable fast nonperturbative calculation of cosmic microwave background polarization power spectra due to both isotropic and anisotropic polarization rotation from cosmic birefringence. Cosmic birefringence can arise from new parity-violating physics such as axion dark matter with a Chern-Simons coupling to photons or Faraday rotation due to a primordial magnetic field. Constraints on these effects can be obtained by com","metodologico"
"https://doi.org/10.1088/1475-7516/2023/07/053","https://openalex.org/W4385198700","Cosmic birefringence from neutrino and dark matter asymmetries","2023","article","Ren-Peng Zhou; Da Huang; Chao-Qiang Geng","Journal of Cosmology and Astroparticle Physics","8","True","q1_birefringence|q2_polarization","Abstract In light of the recent measurement of the nonzero Cosmic Microwave Background (CMB) polarization rotation angle from the Planck 2018 data, we explore the possibility that such a cosmic birefringence effect is induced by coupling a fermionic current with photons via a Chern-Simons-like term. We begin our discussion by rederiving the general formulae of the cosmic birefringence angle with correcting a mistake in the previous study. We then identify the fermions in the current as the left-","teorico"
"https://doi.org/10.1088/1475-7516/2023/09/024","https://openalex.org/W4386693918","Measures of non-Gaussianity in axion-string-induced CMB birefringence","2023","article","Ray Hagimoto; Andrew J. Long","Journal of Cosmology and Astroparticle Physics","7","False","q1_birefringence|q2_polarization","Abstract The presence of axion strings in the Universe after recombination can leave an imprint on the polarization pattern of the cosmic microwave background radiation through the phenomenon of axion-string-induced birefringence via the hyperlight axion-like particle's coupling to electromagnetism. Across the sky, the polarization rotation angle is expected to display a patchwork of uniform regions with sharp boundaries that arise as the `shadow' of axion string loops. The statistics of such a ","teorico"
"https://doi.org/10.1103/physrevd.111.023501","https://openalex.org/W4405990416","Tomographic constraint on anisotropic cosmic birefringence","2025","article","Toshiya Namikawa","Physical review. D/Physical review. D.","6","True","q1_birefringence","We constrain anisotropic cosmic birefringence generated at reionization using Planck PR4 polarization data for the first time. Several recent analyses of WMAP and Planck polarization data have found a tantalizing hint of isotropic cosmic birefringence. Ongoing and future cosmic microwave background (CMB) experiments will test isotropic cosmic birefringence by improving the absolute angle calibration and understanding the intrinsic parity-odd power spectrum of the galactic foregrounds. Alternativ","tomografia"
"https://doi.org/10.1088/1475-7516/2023/07/052","https://openalex.org/W4385077444","Testing charge quantization with axion string-induced cosmic birefringence","2023","article","Weichen Winston Yin; Liang Dai; Simone Ferraro","Journal of Cosmology and Astroparticle Physics","6","False","q1_birefringence|q2_polarization","Abstract We demonstrate that the Peccei-Quinn-electromagnetic anomaly coefficient 𝒜 can be directly measured from axion string-induced cosmic birefringence by applying scattering transform to the anisotropic polarization rotation of the cosmic microwave background. This breaks the degeneracy between 𝒜 and the effective number of string loops in traditional inference analyses that are solely based on the spatial power spectrum of polarization rotation. Carrying out likelihood-based parameter in","teorico"
"https://doi.org/10.1088/1475-7516/2022/08/033","https://openalex.org/W4221144280","Constraints on cosmic birefringence using E-mode polarisation","2022","article","Arefe Abghari; Raelyn Marguerite Sullivan; L. T. Hergt; Douglas Scott","Journal of Cosmology and Astroparticle Physics","6","True","q1_birefringence","Abstract A birefringent universe could show itself through a rotation of the plane of polarisation of the cosmic microwave background photons. This is usually investigated using polarisation B modes. Here we point out an independent method for extracting the birefringence angle using only temperature and E-mode signals. We forecast that, with an ideal cosmic-variance-limited experiment, we could constrain a birefringence angle of 0.3° with 3σ statistical significance, which is close to the curre","isotropica_primaria"
"https://doi.org/10.1088/1475-7516/2025/12/013","https://openalex.org/W4417161972","Field-level constraints on cosmic birefringence from hybrid ILC maps combining E- and B-mode channels","2025","article","Mathieu Remazeilles","Journal of Cosmology and Astroparticle Physics","5","False","q1_birefringence|q3_alps","Abstract Cosmic birefringence, arising from a potential parity-violating interaction between cosmic microwave background (CMB) photons and evolving pseudo-scalar fields such as axion-like particles, can rotate the CMB polarization plane and induce an effective correlation between the CMB E - and B -mode polarization. In this work, we introduce a hybrid internal linear combination (ILC) method that combines both E - and B -mode frequency maps into the component separation pipeline, enabling the d","isotropica_reanalisis_PR4"
"https://doi.org/10.1103/pbc3-t52s","https://openalex.org/W7138908133","Cosmic birefringence from the Atacama Cosmology Telescope Data Release 6","2026","article","P. Diego-Palazuelos; Eiichiro Komatsu","Physical review. D/Physical review. D.","5","True","q1_birefringence","The polarized light of the cosmic microwave background is sensitive to new physics that violates parity symmetry. For example, the interaction of photons with the fields of elusive dark matter and dark energy could cause a uniform rotation of the plane of linear polarization across the sky, an effect known as cosmic birefringence. We extract the cosmological rotation angle, β , using Bayesian analysis of parity-violating correlations, E B and T B , of polarization data from the Atacama Cosmology","isotropica_primaria_ACT"
"https://doi.org/10.1088/1475-7516/2025/07/009","https://openalex.org/W4412018610","Improving cosmic birefringence constraints via delensing","2025","article","A.I. Lonappan","Journal of Cosmology and Astroparticle Physics","3","True","q1_birefringence","Abstract We present a study on using delensing to enhance cosmic birefringence measurements based on full-sky, map-based simulations. In our analysis, we neglect foreground contamination and instrumental systematics to isolate the intrinsic impact of delensing on both isotropic and anisotropic birefringence. For the isotropic case, assuming a constant rotation angle of β = 0.35°, delensing reduces the lensing-induced variance in the EB power spectrum, yielding an improvement in sensitivity of ap","forecast"
"https://doi.org/10.1103/6z1m-r1j5","https://openalex.org/W4417212715","n π Phase Ambiguity of Cosmic Birefringence","2025","article","Fumihiro Naokawa; Toshiya Namikawa; Kai Murai; Ippei Obata; Kohei Kamada","Physical Review Letters","3","False","q1_birefringence","We point out that the rotation angle β of cosmic birefringence, which is a recently reported parity-violating signal in the cosmic microwave background (CMB), has a phase ambiguity of nπ(n∈Z). This ambiguity has a significant impact on the interpretation of the origin of cosmic birefringence. Assuming an axionlike particle (ALP) as the origin of cosmic birefringence, this ambiguity can be partly broken by the anisotropic cosmic birefringence and the shape of the CMB angular power spectra. We for","metodologico"
"https://doi.org/10.1103/kc89-xjkb","https://openalex.org/W7109145651","Planck constraints on axionlike particles through isotropic cosmic birefringence","2025","article","Toshiya Namikawa; Kai Murai; Fumihiro Naokawa","Physical review. D/Physical review. D.","2","True","q1_birefringence|q3_alps","We present constraints on isotropic cosmic birefringence induced by axion-like particles (ALPs), derived from the analysis of cosmic microwave background (CMB) polarization measurements obtained with the high-frequency channels of Planck. Recent measurements report a hint of isotropic cosmic birefringence, though its origin remains uncertain. The detailed dynamics of ALPs can leave characteristic imprints on the shape of the E B angular power spectrum, which can be exploited to constrain specifi","isotropica_reanalisis_PR4"
"https://doi.org/10.1088/1475-7516/2025/04/077","https://openalex.org/W4409918729","Forecasts on anisotropic cosmic birefringence constraints for CMB experiment in the northern hemisphere","2025","article","Yiwei Zhong; Hongbo Cai; Siyu Li; Yang Liu; Mingzhe Li; Wenjuan Fang","Journal of Cosmology and Astroparticle Physics","2","False","q1_birefringence","Abstract The study of cosmic birefringence through Cosmic Microwave Background (CMB) experiments is a key research area in cosmology and particle physics, providing a critical test for Lorentz and CPT symmetries. This paper focuses on an upcoming CMB experiment in the mid-latitude of the Northern Hemisphere, and investigates the potential to detect anisotropies in cosmic birefringence. Applying a quadratic estimator on simulated polarization data, we reconstruct the power spectrum of anisotropic","forecast"
"https://doi.org/10.1103/yxmh-rh9z","https://openalex.org/W4411560626","Constraints on anisotropic cosmic birefringence from CMB B -mode polarization","2025","article","A. I. Lonappan; BRIAN G. KEATING; Kam Arnold","Physical review. D/Physical review. D.","1","True","q1_birefringence|q2_polarization","Cosmic birefringence$-$the rotation of the polarization plane of light as it traverses the universe$-$offers a direct observational window into parity-violating physics beyond the Standard Model. In this work, we revisit the anisotropic component of cosmic birefringence, which leads to the generation of $B$-mode polarization in the cosmic microwave background (CMB). Using an exact theoretical treatment beyond the thin last-scattering surface approximation, we constrain the amplitude of anisotrop","anisotropica"
"https://doi.org/10.1140/epjc/s10052-024-13004-0","https://openalex.org/W4399856350","Generation of the CMB cosmic birefringence through axion-like particles, sterile and active neutrinos","2024","article","S. Mahmoudi; Mahdi Sadegh; Jafar Khodagholizadeh; Iman Motie; She-Sheng Xue; Alain Blanchard","The European Physical Journal C","1","True","q1_birefringence|q2_polarization|q3_alps","Abstract The cosmic birefringence (CB) angle refers to the rotation of the linear polarization plane of Cosmic Microwave Background (CMB) radiations when parity-violating theories are considered. We analyzed the Quantum Boltzmann equation for an ensemble of CMB photons interacting with the right-handed sterile neutrino dark matter (DM) and axion-like particles (ALPs) DM in the presence of the scalar metric perturbation. We used the birefringence angle of CMB to study those probable candidates of","teorico"
"https://doi.org/10.1088/1475-7516/2026/06/095","https://openalex.org/W7166557053","Constraining Lorentz Violation using 21cm and CMB Cross Correlations","2026","article","Bhuwan Joshi; Rahul Kothari; Shyam Chaudhary","Journal of Cosmology and Astroparticle Physics","0","False","q2_polarization","Abstract Lorentz symmetry is a fundamental pillar of modern Physics, yet high-energy theories often predict its violation. One potential signature of such a violation is cosmic birefringence — rotation of the polarization plane of photons due to Chern-Simons coupling in Maxwell's electrodynamics. This rotation angle, aka birefringence angle , depends upon the distance travelled by the photon and is thus different for CMB and 21cm photons. While the rotation angle in CMB, i.e., α CMB , has been t","cross_correlacion"
"https://doi.org/10.3847/2041-8213/aea401","https://openalex.org/W7212003170","Differential Polarization Calibration: A Consistency Test for Cosmic Birefringence","2026","article","Anto I. Lonappan; Brian Keating; Kam Arnold","The Astrophysical Journal Letters","0","True","q1_birefringence|q2_polarization","Abstract The cosmic microwave background (CMB) birefringence angle β is exactly degenerate with a common instrumental polarization-angle offset. The Minami–Komatsu (MK) likelihood separates these quantities using Galactic foreground polarization, so its inferred detector angles merit a diagnostic that does not reuse the foreground- EB model. We develop a birefringence-blind differential estimator from antisymmetric and symmetric cross spectra and apply it for the first time as an explicit consis","instrumental"
"https://doi.org/10.1088/1475-7516/2026/08/008","https://openalex.org/W4416026373","Study the nature of dynamical dark energy by measuring the CMB polarization rotation angle","2026","article","Hua Zhai; Siyu Li; Yang Liu; Yiwei Zhong; Hong Li; Yaqiong Li; Congzhan Liu; Mingzhe Li; Xinmin Zhang","Journal of Cosmology and Astroparticle Physics","0","True","q2_polarization","Abstract Recent results from the Dark Energy Spectroscopic Instrument (DESI) support the dynamical dark energy. Intriguingly, the data favor a transition of the dark energy equation of state across w = -1, a hallmark of the Quintom scenario. In this paper, we consider a different approach to the dynamical nature of dark energy by investigating its interaction with ordinary matters, specifically the Chern-Simons (CS) interaction with photons. In cosmology, this interaction rotates the polarized p","forecast"
"https://doi.org/10.1051/epjconf/202635301013/pdf","https://openalex.org/W7130958402","Improved Absolute Polarization Calibrator for BICEP CMB Polarimeters","2026","article","A. R. Polish; P. A. R. Ade; Z. Ahmed; M. Amiri; D. Barkats; R. Basu Thakur; C. A. Bischoff; D. Beck; J. J. Bock; H. Boenish; V. Buza; B Cantrall; J. R. Cheshire IV; J. Connors; J. Cornelison; M. Crumrine; A. J. Cukierman; E. V. Denison; L. Duband; M. A. Echter; M. Eiben; B. D. Elwood; S. Fatigoni; J. P. Filippini; A. Fortes; M. Gao; C. Giannakopoulos; N. Goeckner-Wald; D. C. Goldfinger; S. Gratton; J. A. Grayson; A. Greathouse; P. K. Grimes; G. Hall; G. Halal; M. Halpern; E. Hand; S. A. Harrison; S. A. Henderson; T. D. Hoang; J. Hubmayr; H. Hui; K. D. Irwin; J. H. Kang; K. S. Karkare; S. Kefeli; J. M. Kovac; C. Kuo; K. Lasko; K. K. Lau; M. Lautzenhiser; A. Lennox; T. Liu; S. Mackey; N. Maher; K. G. Megerian; L. Minutolo; L. Moncelsi; Y. Nakato; H. T. Nguyen; R. O'Brient; S. N. Paine; A. Patel; M. A. Petroff; T. Prouvé; C. Pryke; C. D. Reintsema; T. Romand; M. Salatino; A. Schillaci; B. Schmitt; B Singari; A. Soliman; T. St Germaine; A. Steiger; B. Steinbach; R. Sudiwala; K. L. Thompson; C. Tsai; C. Tucker; A. D. Turner; C. Vergès; A. G. Vieregg; A. Wandui; A. C. Weber; J. Willmert; W. L. K. Wu; H. Yang; C. Yu; L. Zheng; C. Zhang; S. Zhang","Springer Link (Chiba Institute of Technology)","0","False","q2_polarization","Cosmic birefringence is a hypothesized parity violation in electromagnetism that predicts a frequency-independent polarization rotation as light propagates. This would rotate the light from the Cosmic Microwave Background, producing an unexpected EB correlation. However, cosmic birefringence angle is degenerate with instrument polarization angle, and breaking this degeneracy requires an absolute polarization calibration. We calibrate the BICEP3 telescope (a 95GHz CMB polarimeter) by observing a ","instrumental"
"https://doi.org/10.1051/epjconf/202635301013","https://openalex.org/W7130653178","Improved Absolute Polarization Calibrator for BICEP CMB Polarimeters","2026","conference-paper","A. R. Polish; P. A. R. Ade; Zeeshan Ahmed; M. Amiri; D. Barkats; R. Basu Thakur; C. A. Bischoff; D. Beck; J. J. Bock; H. Boenish; V. Buza; Brianna Cantrall; J. R. Cheshire IV; Jake Connors; J. Cornelison; M. Crumrine; A. J. Cukierman; E. V. Denison; L. Duband; M. A. Echter; M. Eiben; B. D. Elwood; S. Fatigoni; J. P. Filippini; Alexandre Fortes; M. Gao; C. Giannakopoulos; N. Goeckner-Wald; D. C. Goldfinger; S. Gratton; J. A. Grayson; A. Greathouse; P. K. Grimes; G. Hall; George Halal; M. Halpern; E. Hand; S. A. Harrison; S. A. Henderson; T. D. Hoang; J. Hubmayr; Howard Hui; K. D. Irwin; J. H. Kang; K. S. Karkare; S. Kefeli; J. M. Kovac; Cheng‐Yu Kuo; Kekoa Lasko; K. K. Lau; Margaret Lautzenhiser; A. Lennox; Tong Liu; S. Mackey; N. Maher; K. G. Megerian; L. Minutolo; L. Moncelsi; Yuka Nakato; H. T. Nguyen; R. O'Brient; S. N. Paine; Amit P. Patel; M. A. Petroff; T. Prouvé; Clement L. Pryke; C. D. Reintsema; T. Romand; M. Salatino; A. Schillaci; B. Schmitt; Baibhav Singari; A. Soliman; T. St. Germaine; A. Steiger; B. Steinbach; R. Sudiwala; K. L. Thompson; Calvin Tsai; C. Tucker; A. D. Turner; C. Vergès; A. G. Vieregg; Albert K. Wandui; A. C. Weber; J. Willmert; W. L. K. Wu; H. Yang; C. Yu; L. Zheng; C. Zhang; S. Zhang","EPJ Web of Conferences","0","True","q2_polarization","Cosmic birefringence is a hypothesized parity violation in electromagnetism that predicts a frequency-independent polarization rotation as light propagates. This would rotate the light from the Cosmic Microwave Background, producing an unexpected EB correlation. However, cosmic birefringence angle is degenerate with instrument polarization angle, and breaking this degeneracy requires an absolute polarization calibration. We calibrate the BICEP3 telescope (a 95GHz CMB polarimeter) by observing a ","instrumental"
"https://doi.org/10.7910/dvn/idl5mq","https://openalex.org/W7165042383","Scale-Dependent and Anisotropic Cosmic Birefringence: 8.5σ Isotropic and 4–5σ Directional Rotation in Planck Polarization Data (v1.0)","2026","dataset","Amy Condit","Harvard Dataverse","0","True","q2_polarization","Scale-Dependent and Anisotropic Cosmic Birefringence: 8.5σ Isotropic and 4–5σ Directional Rotation in Planck Polarization Data (v1.0) Summary This study investigates scale-dependent and anisotropic cosmic birefringence using Planck 2018 SMICA and NILC component-separated polarization maps over the multipole range ℓ = 500–1500. Linearized EB estimators, together with a quantitative q-mask (fsky ≈ 0.467), are used to measure polarization-rotation angles as a function of angular scale and to evalua","anisotropica"
"https://doi.org/10.1088/1475-7516/2026/02/079","https://openalex.org/W7131212356","Forecasts of constraining isotropic cosmic birefringence on AliCPT-1","2026","article","Jiazheng Dou; Wen Kui Zhao","Journal of Cosmology and Astroparticle Physics","0","True","q1_birefringence","Abstract Cosmic birefringence (CB) is a promising probe of parity-violating physics beyond the Standard Model, characterized by the rotation of the linear polarization plane of cosmic microwave background (CMB) photons. This effect, quantified by the birefringence angle β , generates non-zero EB and TB correlations that are otherwise absent in standard cosmology. However, instrumental miscalibration angles α can mimic this signal, necessitating a joint estimation approach. In this work, we forec","forecast"
"https://doi.org/10.33232/001c.147459","https://openalex.org/W4415318696","Probing Anisotropic Cosmic Birefringence with Foreground-Marginalised SPT B-mode Likelihoods","2025","article","L. Balkenhol; A. Coerver; Christian L. Reichardt; J. A. Zebrowski","The Open Journal of Astrophysics","0","True","q1_birefringence","In this work, we construct foreground-marginalised versions of the SPT-3G D1 and SPTpol cosmic microwave background (CMB) B-mode polarisation likelihoods. The compression is performed using the CMB-lite framework and we use the resulting data sets to constrain anisotropic cosmic birefringence, parametrised by the amplitude of a scale-invariant anisotropic birefringence spectrum, . Using the new SPT-3G data we report a 95 % upper limit on of 1.2 × 10 − 4 , which tightens to 0.53 × 10 − 4 when imp","anisotropica"
"https://doi.org/10.7910/dvn/920ybk","https://openalex.org/W7165019214","Scale-Dependent and Anisotropic Cosmic Birefringence: 8.5σ Isotropic and 4–5σ Directional Rotation in Planck Polarization Data (v1.1)","2026","dataset","Amy Condit","Harvard Dataverse","0","True","q2_polarization","Summary Version 1.1 is the validation and reproducibility release for the initial cosmic birefringence detection reported in v1.0. Reproducibility materials, validation datasets, and supporting code archives are included to facilitate independent verification. The scientific conclusions remain unchanged from v1.0. This release reports highly significant, scale-dependent, and anisotropic rotation (α) of the linear polarization plane in the Cosmic Microwave Background (CMB), derived from Planck 20","anisotropica"
