doi,openalex_id,title,year,type,authors,journal,cited_by,is_oa,queries,abstract_short,tipo_medicion,beta_grados,sigma_grados,categoria_ABC,dataset_fuente,fuente_beta,status_extraccion,nota
https://doi.org/10.1103/physrevlett.125.221301,https://openalex.org/W3108082055,New Extraction of the Cosmic Birefringence from the Planck 2018 Polarization Data,2020,article,Y. Minami; Eiichiro Komatsu,Physical Review Letters,290,True,q1_birefringence,We search for evidence of parity-violating physics in the Planck 2018 polarization data and report on a new measurement of the cosmic birefringence angle β. The previous measurements are limited by the systematic uncertainty in the absolute polarization angles of the Planck detectors. We mitigate this systematic uncertainty completely by simultaneously determining β and the angle miscalibration using the observed cross-correlation of the E- and B-mode polarization of the cosmic microwave backgro,isotropica_primaria,0.35,0.14,B,Planck PR3,prisma_2026.csv,ok,
https://doi.org/10.1103/physrevlett.128.091302,https://openalex.org/W4214521858,Cosmic Birefringence from thePlanckData Release 4,2022,article,P. Diego-Palazuelos; J. R. Eskilt; Y. Minami; M. Tristram; R. M. Sullivan; A. J. Banday; R. B. Barreiro; H. K. Eriksen; K. M. Górski; R. Keskitalo; E. Komatsu; E. Martínez-González; D. Scott; P. Vielva; I. K. Wehus,Physical Review Letters,153,True,q1_birefringence,"We search for the signature of parity-violating physics in the cosmic microwave background, called cosmic birefringence, using the Planck data release 4. We initially find a birefringence angle of $\ensuremath{\beta}=0.30\ifmmode^\circ\else\textdegree\fi{}\ifmmode\pm\else\textpm\fi{}0.11\ifmmode^\circ\else\textdegree\fi{}$ (68% C.L.) for nearly full-sky data. The values of $\ensuremath{\beta}$ decrease as we enlarge the Galactic mask, which can be interpreted as the effect of polarized foregroun",isotropica_reanalisis_PR4,0.30,0.11,B,Planck PR4 (NPIPE),prisma_2026.csv,ok,
https://doi.org/10.1103/physrevd.106.063503,https://openalex.org/W4295861569,Improved constraints on cosmic birefringence from the WMAP and Planck cosmic microwave background polarization data,2022,article,Johannes R. Eskilt; Eiichiro Komatsu,Physical review. D/Physical review. D.,130,True,q1_birefringence,"The observed pattern of linear polarization of the cosmic microwave background photons is a sensitive probe of physics violating parity symmetry under inversion of spatial coordinates. A new parity-violating interaction might have rotated the plane of linear polarization by an angle $\ensuremath{\beta}$ as the cosmic microwave background photons have been traveling for more than 13 billion years. This effect is known as ``cosmic birefringence.'' In this paper, we present new measurements of cosm",isotropica_primaria,0.342,0.094,B,Planck PR3 (reanalisis),prisma_2026.csv,ok,
https://doi.org/10.1103/physrevd.103.043509,https://openalex.org/W3106753625,Detection of isotropic cosmic birefringence and its implications for axionlike particles including dark energy,2021,article,Tomohiro Fujita; Kai Murai; Hiromasa Nakatsuka; Shinji Tsujikawa,Physical review. D/Physical review. D.,88,True,q1_birefringence,"We investigate the possibility that axionlike particles (ALPs) with various potentials account for the isotropic birefringence recently reported by analyzing the Planck 2018 polarization data. For the quadratic and cosine potentials, we obtain lower bounds on the mass, coupling constant to photon $g$, abundance and equation of state of the ALP to produce the observed birefringence. Especially when the ALP is responsible for dark energy, it is possible to probe the tiny deviation of dark energy e",isotropica_derivada,0.35,0.14,C,Planck 2018 (derivado),abstract/I,ok_manual,Cita a Minami-Komatsu 2020; no mide beta directamente
https://doi.org/10.1051/0004-6361/202243269,https://openalex.org/W4221149438,Frequency-dependent constraints on cosmic birefringence from the LFI and HFI Planck Data Release 4,2022,article,Johannes R. Eskilt,Astronomy and Astrophysics,82,True,q1_birefringence,"We present new constraints on the frequency dependence of the cosmic birefringence angle from the Planck Data Release 4 polarization maps. An axion field coupled to electromagnetism predicts a nearly frequency-independent birefringence angle, βν = β, while Faraday rotation from local magnetic fields and Lorentz violating theories predict a cosmic birefringence angle that is proportional to the frequency, ν, to the power of some integer n, βν ∝ νn. In this work, we first sampled βν individually f",isotropica_reanalisis,0.33,0.12,B,Planck PR4 LFI+HFI,Abstract/Table 1,ok_manual,beta0 para n=0 a 150 GHz
https://doi.org/10.1093/ptep/ptaa130,https://openalex.org/W3081180934,Simultaneous determination of the cosmic birefringence and miscalibrated polarization angles II: Including cross-frequency spectra,2020,article,Y. Minami; Eiichiro Komatsu,Progress of Theoretical and Experimental Physics,47,True,q1_birefringence,"Abstract We develop a strategy to determine the cosmic birefringence and miscalibrated polarization angles simultaneously using the observed $EB$ polarization power spectra of the cosmic microwave background and the Galactic foreground emission. We extend the methodology of Y. Minami et al. (Prog. Theor. Exp. Phys. 2019, 083E02, 2019), which was developed for auto-frequency power spectra, by including cross-frequency spectra. By fitting one global birefringence angle and independent miscalibrati",metodologico,,,C,Simulaciones metodologicas,II/abstract,cota_o_metodologico,"Formalismo; reporta sigma_beta ~ 0.05, no beta medido"
https://doi.org/10.1088/1475-7516/2020/11/066,https://openalex.org/W3080807768,Planck 2018 constraints on anisotropic birefringence and its cross-correlation with CMB anisotropy,2020,article,ALESSANDRO GRUPPUSO; D. Molinari; P. Natoli; L. Pagano,Journal of Cosmology and Astroparticle Physics,38,True,q1_birefringence,"Parity-violating extensions of standard electromagnetism produce cosmic birefringence, the in vacuo rotation of the linear polarisation direction of a photon during propagation. We employ Planck 2018 CMB polarised data to constrain anisotropic birefringence, modeled by its angular power spectrum C ℓ α α , and the cross-correlation with CMB temperature maps, C ℓ α T , at scales larger than ∼15 degrees. We present joint limits on the scale invariant quantity, A α α ≡ ℓ (ℓ +1) C ℓ α α / 2 π, and on",anisotropica_A_CB,,,A,Planck 2018 PR3,Abstract/Table 1,cota_o_metodologico,A_aa < 0.104 deg^2 (95% CL) — no es beta isotropico
https://doi.org/10.3847/1538-4357/acc85c,https://openalex.org/W4306814920,"BICEP/Keck. XVII. Line-of-sight Distortion Analysis: Estimates of Gravitational Lensing, Anisotropic Cosmic Birefringence, Patchy Reionization, and Systematic Errors",2023,article,Peter A. R. Ade; Zeeshan Ahmed; Mandana Amiri; D. Barkats; R. Basu Thakur; C. A. Bischoff; D. Beck; J. J. Bock; H. Boenish; E. Bullock; V. Buza; James R. Cheshire; J. Connors; James Cornelison; M. Crumrine; Ari Jozef Cukierman; E. V. Denison; M. Dierickx; L. Duband; M. Eiben; S. Fatigoni; J. P. Filippini; S. Fliescher; C. Giannakopoulos; Neil Goeckner-Wald; D. C. Goldfinger; James A. Grayson; Paul Grimes; G. Hall; George Halal; M. Halpern; E. Hand; Samuel A. Harrison; S. Henderson; Sergi R. Hildebrandt; Johannes Hubmayr; H. Hui; K. D. Irwin; J. Kang; K. S. Karkare; E. Karpel; S. Kefeli; S. A. Kernasovskiy; John M. Kovac; C. L. Kuo; K. Lau; E. M. Leitch; A. Lennox; Koko G. Megerian; Lorenzo Minutolo; Lorenzo Moncelsi; Y. Nakato; Toshiya Namikawa; H. T. Nguyen; R. O’Brient; R. W. Ogburn; S. Palladino; Matthew A. Petroff; T. Prouvé; Clement L. Pryke; B. Racine; C. D. Reintsema; S. Richter; A. Schillaci; R. Schwarz; Bernd Schmitt; Christopher D. Sheehy; Baibhav Singari; A. Soliman; T. St. Germaine; B. Steinbach; Rashmikant V. Sudiwala; G. P. Teply; Keith L. Thompson; James E. Tolan; Carole Tucker; A. D. Turner; C. Umiltà; C. Vergès; Abigail G. Vieregg; A. Wandui; A. C. Weber; D. V. Wiebe; J. Willmert; C. L. Wong; W. L. K. Wu; Huan Yang; K. W. Yoon; E. Young; Cyndia Yu; Lingzhen Zeng; C. Zhang; Silvia Zhang,The Astrophysical Journal,36,True,q1_birefringence,"Abstract We present estimates of line-of-sight distortion fields derived from the 95 and 150 GHz data taken by BICEP2, BICEP3, and the Keck Array up to the 2018 observing season, leading to cosmological constraints and a study of instrumental and astrophysical systematics. Cosmological constraints are derived from three of the distortion fields concerning gravitational lensing from large-scale structure, polarization rotation from magnetic fields or an axion-like field, and the screening effect ",cota_acoplamiento,,,A,BICEP2/BICEP3/Keck 2018,Abstract/V,cota_o_metodologico,g_agamma <= 2.6e-2/H_I — no es beta
https://doi.org/10.1093/mnras/stac3146,https://openalex.org/W3194234556,Cosmic birefringence tomography and calibration independence with reionization signals in the CMB,2023,article,Blake D. Sherwin; Toshiya Namikawa,Monthly Notices of the Royal Astronomical Society,32,True,q1_birefringence|q2_polarization|q3_alps|q4_tomography,"ABSTRACT The search for cosmic polarization rotation or birefringence in the cosmic microwave background (CMB) is well motivated because it can provide powerful constraints on parity-violating new physics, such as axion-like particles. In this paper, we point out that since the CMB polarization is produced at two very different redshifts – it is generated at both reionization and recombination – new parity-violating physics can generically rotate the polarization signals from these different sou",proyeccion_delta_beta,0.00,0.05,C,Proyeccion LiteBIRD,Abstract/IV,ok_manual,Delta_beta = beta_reion - beta_recomb (proyeccion)
https://doi.org/10.1103/physrevd.105.022006,https://openalex.org/W4210435305,BICEP/ Keck XIV: Improved constraints on axionlike polarization oscillations in the cosmic microwave background,2022,article,Peter A. R. Ade; Zeeshan Ahmed; Mandana Amiri; D. Barkats; R. Basu Thakur; C. A. Bischoff; D. Beck; J. J. Bock; H. Boenish; Eric Bullock; V. Buza; James R. Cheshire; Jake Connors; J. Cornelison; M. Crumrine; Ari Jozef Cukierman; E. V. Denison; M. Dierickx; L. Duband; M. Eiben; S. Fatigoni; J. P. Filippini; S. Fliescher; N. Goeckner-Wald; D. C. Goldfinger; J. Grayson; Paul Grimes; G. Hall; George Halal; Mark I. Halpern; E. Hand; Sam A. Harrison; S. Henderson; Sergi R. Hildebrandt; Gene C. Hilton; Johannes Hubmayr; H. Hui; K. D. Irwin; J. Kang; K. S. Karkare; E. Karpel; S. Kefeli; S. A. Kernasovskiy; John M. Kovac; C. L. Kuo; K. Lau; Erik M. Leitch; A. Lennox; Koko G. Megerian; Lorenzo Minutolo; Lorenzo Moncelsi; Y. Nakato; Toshiya Namikawa; H. T. Nguyen; R. O’Brient; R. W. Ogburn; S. Palladino; T. Prouvé; Clement L. Pryke; B. Racine; C. D. Reintsema; S. Richter; A. Schillaci; R. Schwarz; Bernd Schmitt; Christopher D. Sheehy; A. Soliman; T. St. Germaine; B. Steinbach; R. V. Sudiwala; G. P. Teply; K. L. Thompson; James E. Tolan; Carole Tucker; Anthony Turner; C. Umiltà; C. Vergès; Abigail G. Vieregg; A. Wandui; A. C. Weber; Donald V. Wiebe; J. Willmert; C. L. Wong; W. L. K. Wu; Huan Yang; K. W. Yoon; E. Young; Cyndia Yu; Lingzhen Zeng; C. Zhang; S. Zhang,Physical review. D/Physical review. D.,27,True,q1_birefringence|q2_polarization,"We present an improved search for axionlike polarization oscillations in the cosmic microwave background (CMB) with observations from the Keck Array. An all-sky, temporally sinusoidal rotation of CMB polarization, equivalent to a time-variable cosmic birefringence, is an observable manifestation of a local axion field and potentially allows a CMB polarimeter to detect axionlike dark matter directly. We describe improvements to the method presented in previous work, and we demonstrate the updated",cota_oscilacion,,,A,Keck 2012-2015,Abstract/IV-A,cota_o_metodologico,Amplitud limite ~0.27 deg (95% CL) — oscilaciones ALP
https://doi.org/10.1103/physrevd.108.082005,https://openalex.org/W4311730247,Characterizing cosmic birefringence in the presence of Galactic foregrounds and instrumental systematic effects,2023,article,Baptiste Jost; Josquin Errard; Radek Stompor,Physical review. D/Physical review. D.,17,True,q1_birefringence,"The authors propose a new analysis framework to account simultaneously for Galactic foregrounds and instrumental effects, in order to break the degeneracy between Cosmic Birefringence (CB) angle and Cosmic Microwave Background detector effects. They thus pave the way for Simons Observatory-like Small Aperture Telescopes to test claims for CB detection.",metodologico,,,C,Simulacion SO SAT,Abstract/III,cota_o_metodologico,Pipeline de separacion foregrounds
https://doi.org/10.1088/1475-7516/2025/06/025,https://openalex.org/W4411368406,Planck PR4 (NPIPE) map-space cosmic birefringence,2025,article,Raelyn Marguerite Sullivan; Arefe Abghari; P. Diego-Palazuelos; L. T. Hergt; Douglas Scott,Journal of Cosmology and Astroparticle Physics,9,True,q1_birefringence,"Abstract Cosmic birefringence is an effect where the plane of polarisation of the cosmic microwave background (CMB) is rotated by an angle β through coupling to a hypothetical parity-violating field. We analyse the Planck Public Release 4 (PR4 or NPIPE) data using a map-space analysis method and find β= 0.46° ± 0.04°(stat.) ± 0.28°(syst.) for SEVEM CMB maps and β = 0.48° ± 0.04°(stat.) ± 0.28°(syst.) for Commander CMB maps. These values are slightly higher than previously published results, whic",isotropica_reanalisis_PR4,0.46,0.04,B,Planck PR4 NPIPE (SEVEM),Abstract/Table 1,ok_manual,sigma_syst adicional 0.28 (no sumado); Commander da 0.48+/-0.04
https://doi.org/10.1103/physrevd.111.023501,https://openalex.org/W4405990416,Tomographic constraint on anisotropic cosmic birefringence,2025,article,Toshiya Namikawa,Physical review. D/Physical review. D.,6,True,q1_birefringence,We constrain anisotropic cosmic birefringence generated at reionization using Planck PR4 polarization data for the first time. Several recent analyses of WMAP and Planck polarization data have found a tantalizing hint of isotropic cosmic birefringence. Ongoing and future cosmic microwave background (CMB) experiments will test isotropic cosmic birefringence by improving the absolute angle calibration and understanding the intrinsic parity-odd power spectrum of the galactic foregrounds. Alternativ,anisotropica_tomografia,,,B,Planck PR4 NPIPE,Abstract/V,cota_o_metodologico,C_l^aa consistente con cero (tomografia aniso)
https://doi.org/10.1088/1475-7516/2022/08/033,https://openalex.org/W4221144280,Constraints on cosmic birefringence using E-mode polarisation,2022,article,Arefe Abghari; Raelyn Marguerite Sullivan; L. T. Hergt; Douglas Scott,Journal of Cosmology and Astroparticle Physics,6,True,q1_birefringence,"Abstract A birefringent universe could show itself through a rotation of the plane of polarisation of the cosmic microwave background photons. This is usually investigated using polarisation B modes. Here we point out an independent method for extracting the birefringence angle using only temperature and E-mode signals. We forecast that, with an ideal cosmic-variance-limited experiment, we could constrain a birefringence angle of 0.3° with 3σ statistical significance, which is close to the curre",isotropica_reanalisis,0.30,0.11,B,Planck PR4 (E-mode),Abstract/III,ok_manual,Sin correccion completa de foregrounds
https://doi.org/10.1088/1475-7516/2025/12/013,https://openalex.org/W4417161972,Field-level constraints on cosmic birefringence from hybrid ILC maps combining E- and B-mode channels,2025,article,Mathieu Remazeilles,Journal of Cosmology and Astroparticle Physics,5,False,q1_birefringence|q3_alps,"Abstract Cosmic birefringence, arising from a potential parity-violating interaction between cosmic microwave background (CMB) photons and evolving pseudo-scalar fields such as axion-like particles, can rotate the CMB polarization plane and induce an effective correlation between the CMB E - and B -mode polarization. In this work, we introduce a hybrid internal linear combination (ILC) method that combines both E - and B -mode frequency maps into the component separation pipeline, enabling the d",isotropica_reanalisis_PR4,0.32,0.12,B,Planck ILC,prisma_2026.csv,ok,
https://doi.org/10.1103/pbc3-t52s,https://openalex.org/W7138908133,Cosmic birefringence from the Atacama Cosmology Telescope Data Release 6,2026,article,P. Diego-Palazuelos; Eiichiro Komatsu,Physical review. D/Physical review. D.,5,True,q1_birefringence,"The polarized light of the cosmic microwave background is sensitive to new physics that violates parity symmetry. For example, the interaction of photons with the fields of elusive dark matter and dark energy could cause a uniform rotation of the plane of linear polarization across the sky, an effect known as cosmic birefringence. We extract the cosmological rotation angle, β , using Bayesian analysis of parity-violating correlations, E B and T B , of polarization data from the Atacama Cosmology",isotropica_primaria_ACT,0.215,0.074,A,ACT DR6,prisma_2026.csv,ok,
https://doi.org/10.1103/PhysRevD.112.123513,https://openalex.org/W7109145651,Planck constraints on axionlike particles through isotropic cosmic birefringence,2025,article,Toshiya Namikawa; Kai Murai; Fumihiro Naokawa,Physical review. D/Physical review. D.,2,True,q1_birefringence|q3_alps,"We present constraints on isotropic cosmic birefringence induced by axion-like particles (ALPs), derived from the analysis of cosmic microwave background (CMB) polarization measurements obtained with the high-frequency channels of Planck. Recent measurements report a hint of isotropic cosmic birefringence, though its origin remains uncertain. The detailed dynamics of ALPs can leave characteristic imprints on the shape of the E B angular power spectrum, which can be exploited to constrain specifi",isotropica_derivada_axion,0.35,0.14,C,Planck 2018 PR3 (derivado),Abstract/Table 2,ok_manual,Usa valor empirico Planck para cotas ALP. DOI corregido: 112.123513 (no 112.123512)
https://doi.org/10.1103/PhysRevD.112.023555,https://openalex.org/W4411560626,Constraints on anisotropic cosmic birefringence from CMB B -mode polarization,2025,article,A. I. Lonappan; BRIAN G. KEATING; Kam Arnold,Physical review. D/Physical review. D.,1,True,q1_birefringence|q2_polarization,"Cosmic birefringence$-$the rotation of the polarization plane of light as it traverses the universe$-$offers a direct observational window into parity-violating physics beyond the Standard Model. In this work, we revisit the anisotropic component of cosmic birefringence, which leads to the generation of $B$-mode polarization in the cosmic microwave background (CMB). Using an exact theoretical treatment beyond the thin last-scattering surface approximation, we constrain the amplitude of anisotrop",anisotropica_A_CB,,,B,SPTpol+ACT+POLARBEAR+BICEP,Abstract/Table I,cota_o_metodologico,A_CB = 0.42^{+0.40}_{-0.34} x 10^-4 (95% CL). DOI corregido: 112.023555 (no 112.083515)
https://doi.org/10.7910/dvn/idl5mq,https://openalex.org/W7165042383,Scale-Dependent and Anisotropic Cosmic Birefringence: 8.5σ Isotropic and 4–5σ Directional Rotation in Planck Polarization Data (v1.0),2026,dataset,Amy Condit,Harvard Dataverse,0,True,q2_polarization,"Scale-Dependent and Anisotropic Cosmic Birefringence: 8.5σ Isotropic and 4–5σ Directional Rotation in Planck Polarization Data (v1.0) Summary This study investigates scale-dependent and anisotropic cosmic birefringence using Planck 2018 SMICA and NILC component-separated polarization maps over the multipole range ℓ = 500–1500. Linearized EB estimators, together with a quantitative q-mask (fsky ≈ 0.467), are used to measure polarization-rotation angles as a function of angular scale and to evalua",dataset_anisotropico,,,B,Harvard Dataverse (Planck/ACT),Dataset metadata,dataset_sin_beta,"Dataset, no paper. C_l^aa (8.5 sigma isotropico + 4-5 sigma direccional). No reporta beta"
https://doi.org/10.33232/001c.147459,https://openalex.org/W4415318696,Probing Anisotropic Cosmic Birefringence with Foreground-Marginalised SPT B-mode Likelihoods,2025,article,L. Balkenhol; A. Coerver; Christian L. Reichardt; J. A. Zebrowski,The Open Journal of Astrophysics,0,True,q1_birefringence,"In this work, we construct foreground-marginalised versions of the SPT-3G D1 and SPTpol cosmic microwave background (CMB) B-mode polarisation likelihoods. The compression is performed using the CMB-lite framework and we use the resulting data sets to constrain anisotropic cosmic birefringence, parametrised by the amplitude of a scale-invariant anisotropic birefringence spectrum, . Using the new SPT-3G data we report a 95 % upper limit on of 1.2 × 10 − 4 , which tightens to 0.53 × 10 − 4 when imp",anisotropica_A_CB,,,A,SPT-SZ/SPTpol B-mode,Abstract/IV,cota_o_metodologico,A_CB < 1.2 x 10^-4 marginalizado
https://doi.org/10.7910/dvn/920ybk,https://openalex.org/W7165019214,Scale-Dependent and Anisotropic Cosmic Birefringence: 8.5σ Isotropic and 4–5σ Directional Rotation in Planck Polarization Data (v1.1),2026,dataset,Amy Condit,Harvard Dataverse,0,True,q2_polarization,"Summary Version 1.1 is the validation and reproducibility release for the initial cosmic birefringence detection reported in v1.0. Reproducibility materials, validation datasets, and supporting code archives are included to facilitate independent verification. The scientific conclusions remain unchanged from v1.0. This release reports highly significant, scale-dependent, and anisotropic rotation (α) of the linear polarization plane in the Cosmic Microwave Background (CMB), derived from Planck 20",dataset_duplicado,,,B,Harvard Dataverse (replica #14),Dataset metadata,dataset_sin_beta,"Dataset, replica de #14. No reporta beta"
